Ashland City Faith Community,
Bent Knee Cowboy,
Betel,
Betel Hermitage,
Bethel,
Bridgepoint,
Ciudad de Refugio,
Clarksdale Friendship,
Clarksville First,
Clarksville Grace,
Clarksville Hope Riders Biker,
Clarksville Korean Body of Christ,
Clarksville Park Lane,
Cleveland First,
Columbia First,
Columbia Grace,
Columbus First,
Concord Community,
Covington,
Crossroads Community,
Dayspring Community,
Dover First,
Eben-Ezer,
Elmore,
Erin,
Fellowship,
Fitkins Memorial,
Fly,
Foundry,
Franklin Community of Faith,
Gallatin,
Gateway Community,
Glencliff Hispanic,
Goodlettsville,
Grace,
Gray's Chapel,
Grenada First,
Griffin's Chapel,
Harmony,
Hazlehurst,
Hendersonville,
Hermitage,
Highland,
Hillside Community,
Hispana Betel de Gallatin,
Jason Chapel,
Joelton,
Jones Chapel,
Kingston Springs,
Laurel Bresee,
Laurel First,
Lewisburg First,
Libertad en Cristo,
Long Creek,
Madison,
Madison Hispanic,
Memphis Calvary,
Memphis Eastside,
Memphis Emmanuel,
Memphis Friendship,
Memphis Grace,
Memphis Holiness Tabernacle,
Memphis New Hope,
Memphis Refreshing Springs,
Meridian Northside,
Millington,
Mt. Wesley-Akin Chapel,
Music City West,
Nashville Bell Road,
Nashville Christ,
Nashville Community Fellowship,
Nashville Donelson,
Nashville First,
Nashville First Haitian,
Nashville Grace,
Nashville Trevecca Community,
New Vision,
Nueva Esperanza,
Old Hickory,
Oxford,
Paris First,
Pearson Chapel,
Pine Hill,
Portland,
Quitman,
Rosebloom,
Savannah,
Senatobia Nabors Memorial,
Spring Hill Restoration Community,
Starkville Wesley Community,
The Formed,
The Neighborhood Church,
Waverly,
Way of the Cross,
White House,
Woodlawn Community